"DESCRIPTION","DURATION IN MS","NAME","PARENT SUITE","START TIME","STATUS","STOP TIME","SUB SUITE","SUITE","TEST CLASS","TEST METHOD"
"","1462","Negative test - required validation for empty fields","","2026-08-28","passed","2026-08-28","","","",""
"","1255","Negative test - required validation for empty fields","","2026-08-28","passed","2026-08-28","","","",""
"","4470","Negative test - required validation for empty fields","","2026-08-28","passed","2026-08-28","","","",""
"","2170","Negative test - message shorter than 50 characters","","2026-08-28","passed","2026-08-28","","","",""
"","1934","Verify search functionality successfully happy path","","2026-08-28","passed","2026-08-28","","","",""
"","1619","Negative test - required validation for empty fields","","2026-08-28","passed","2026-08-28","","","",""
"","5515","Negative test - invalid email format","","2026-08-28","passed","2026-08-28","","","",""
"","1851","Negative test - required validation for empty fields","","2026-08-28","passed","2026-08-28","","","",""
"","2032","Submit contact form successfully happy path","","2026-08-28","passed","2026-08-28","","","",""
